ID,Prediction
TRG002728,53.99889977122313
TRG002649,51.2430332595788
TRG002628,50.393439595371824
